text,label
The new theory raised questions that could not easily be answered using Newton's framework.,Science
"Old English evolved into Middle English, which in turn evolved into Modern English.",English
Science is a systematic discipline that builds and organises knowledge in the form of testable hypotheses and predictions about the universe.,Science
"Thematic categorizations include political history, military history, social history, and economic history.",History
The narratives presented in them can change as historians discover new evidence or reinterpret already-known sources.,History
The modern study of number theory in its abstract form is largely attributed to Pierre de Fermat and Leonhard Euler.,Math
"Gottfried Wilhelm Leibniz incorporated terms from Aristotelian physics, now used in a new non-teleological way.",Science
"This view is based on the idea that an understanding of the past can guide decision-making, for example, to avoid repeating previous mistakes.",History
The term was later adopted into Classical Latin as historia.,History
"Ideas on human nature, society, and economics evolved during the Enlightenment.",Science
"The approach allows considering ""logics"" (that is, sets of allowed deducing rules), theorems, proofs, etc.",Math
Number theory dates back to ancient Babylon and probably China.,Math
This led to the controversy over Cantor's set theory.,Math
Historical research often starts with a research question to define the scope of the inquiry.,History
Some scholars have argued that English can be considered a mixed language or a creole—a theory called the Middle English creole hypothesis.,English
Another important development was the popularisation of science among an increasingly literate population.,Science
Societies and academies were the backbones of the maturation of the scientific profession.,Science
"Galileo had made significant contributions to astronomy, physics and engineering.",Science
The latter applies to every mathematical structure (not only algebraic ones).,Math
"Under this interpretation, history is what happened rather than the academic field studying what happened.",History
"Renaissance scholasticism in western Europe flourished, with experiments done by observing, describing, and classifying subjects in nature.",Science
"They studied animal physiology, anatomy, behaviour, and astrology for divinatory purposes.",Science
"By the 6th century, a Latin alphabet was adopted, written with half-uncial letterforms.",English
"Many Greek classical texts were preserved by the Byzantine Empire and Arabic translations were made by Christians, mainly Nestorians and Miaphysites.",Science
A prominent example is Fermat's Last Theorem.,Math
"Mid and open vowels were raised, and close vowels were broken into diphthongs.",English
"Roughly speaking, each mathematical object is defined by the set of all similar objects and the properties that these objects must have.",Math
An example is the set of all integers.,Math
"Kepler is best known, however, for improving Copernicus' heliocentric model through the discovery of Kepler's laws of planetary motion.",Science
Evolution became a unified theory in the early 20th-century when the modern synthesis reconciled Darwinian evolution with classical genetics.,Science
Diophantus solved some equations involving unknown natural numbers by deducing new relations until he obtained the solution.,Math
Calculus was expanded in the 18th century by Euler with the introduction of the concept of a function and many other results.,Math
The Norman French spoken by the elite in England eventually developed into the Anglo-Norman language.,English
The centre of Norsified English was in the Midlands around Lindsey.,English
It conceptualizes and describes what happened by collecting and analysing evidence to construct narratives.,History
Whether a document is a primary or a secondary source depends not only on the document itself but also on the purpose for which it is used.,History
"For some scholars, including Whig historians and the Marxist scholar E.",History
Some historians propose that its primary function is the pure discovery of truth about the past.,History
"It seeks to ensure scholarly rigour, accuracy, and reliability in how historical evidence is chosen, analysed, and interpreted.",History
English is a West Germanic language that developed in early medieval England and has since become a global lingua franca.,English
A primary source is a source that originated during the period that is studied.,History
"Algebra (and later, calculus) can thus be used to solve geometrical problems.",Math
"English was adopted in parts of North America, parts of Africa, Oceania, and many other regions.",English
"At this time, it meant 'story, tale', encompassing both factual and fictional narratives.",History
"When used as a countable noun, a history is a representation of the past in the form of a history text.",History
"The approach includes Aristotle's four causes: material, formal, moving, and final cause.",Science
The scope of algebra thus grew to include the study of algebraic structures.,Math
"History is the systematic study of the past, focusing primarily on the human past.",History
"Ibn al-Haytham, better known as Alhazen, used controlled experiments in his optical study.",Science
"Several other first-level areas have ""geometry"" in their names or are otherwise commonly considered part of geometry.",Math
"Another example is Goldbach's conjecture, which asserts that every even integer greater than 2 is the sum of two prime numbers.",Math
This implied a shift in the view of objects: objects were now considered as having no innate goals.,Science
Francis Bacon and René Descartes published philosophical arguments in favour of a new type of non-Aristotelian science.,Science
"Because the objects of study here are discrete, the methods of calculus and mathematical analysis do not directly apply.",Math
A few short inscriptions from the early period of Old English were written using a runic script.,English
"The epic poem Beowulf is written in West Saxon, and the earliest English poem, Cædmon's Hymn, is written in Northumbrian.",English
"It is a co-official language of the United Nations, the European Union, and many other international and regional organisations.",English
"From the 5th century, the Anglo-Saxons settled Britain as the Roman economy and administration collapsed.",English
England and English (originally Ænglaland and Ænglisc) are both named after the Angles.,English
Modern sociology largely originated from this movement.,Science
"Modern English developed mainly from Mercian, but the Scots language developed from Northumbrian.",English
Historical evidence is usually divided into primary and secondary sources.,History
This era notably culminated in the King James Bible and the works of William Shakespeare.,English
"Like social scientists, historians formulate hypotheses, gather objective evidence, and present arguments based on this evidence.",History
The Mesopotamians had an intense interest in medicine and the earliest medical prescriptions appeared in Sumerian during the Third Dynasty of Ur.,Science
"Middle English literature includes Geoffrey Chaucer's The Canterbury Tales, and Thomas Malory's Le Morte d'Arthur.",English
"Mathematical notation led to algebra which, roughly speaking, consists of the study and the manipulation of formulas.",Math
Literature from the Early Modern period includes the works of William Shakespeare and the translation of the Bible commissioned by King James I.,English
It is fundamentally the study of the relationship of variables that depend on each other.,Math
"Areas such as celestial mechanics and solid mechanics were then studied by mathematicians, but now are considered as belonging to physics.",Math
Diophantus (3rd century) and al-Khwarizmi (9th century) were the two main precursors of algebra.,Math
It was eventually solved in mainstream mathematics by systematizing the axiomatic method inside a formalized set theory.,Math
"Applied sciences are disciplines that use scientific knowledge for practical purposes, such as engineering and medicine.",Science
The 2020 Mathematics Subject Classification contains no less than sixty-three first-level areas.,Math
"Other core Norse loanwords include ""give"", ""get"", ""sky"", ""skirt"", ""egg"", and ""cake"", typically displacing a native Anglo-Saxon equivalent.",English
Algebra and calculus do not appear as first-level areas but are respectively split into several first-level areas.,Math
"For example, designing a survey often involves minimizing the cost of estimating a population mean with a given level of confidence.",Math
"In 2015, gravitational waves, predicted by general relativity a century before, were first observed.",Science
"As an academic discipline, it analyses and interprets evidence to construct narratives about what happened and explain why it happened.",History
"A person who conducted scientific research was called a ""natural philosopher"" or ""man of science"".",Science
The Socratic method searches for general commonly-held truths that shape beliefs and scrutinises them for consistency.,Science
"It was a chain shift, meaning that each shift triggered a subsequent shift in the vowel system.",English
"Some changes, such as the use of do-support, have become universalised.",English
"Since then, the interaction between mathematical innovations and scientific discoveries has led to a correlated increase in the development of both.",Math
"With the affirmation of the Higgs boson discovery in 2013, the last particle predicted by the Standard Model of particle physics was found.",Science
English also facilitated worldwide international communication.,English
"Some of these areas correspond to the older division, as is true regarding number theory (the modern name for higher arithmetic) and geometry.",Math
Some research questions focus on a simple description of what happened.,History
"Women likely played a central role in prehistoric science, as did religious rituals.",Science
Each of these branches comprises various specialised yet overlapping scientific disciplines that often possess their own nomenclature and expertise.,Science
"As such, demand for Latin translation of ancient and scientific texts grew,: 204  a major contributor to the Renaissance of the 12th century.",Science
"It gave rise to the Ancient Greek word ἱστορία (historiā), which had a wide meaning associated with inquiry in general and giving testimony.",History
History texts are cultural products involving active interpretation and reconstruction.,History
"Al-Khwarizmi introduced systematic methods for transforming equations, such as moving a term from one side of an equation into the other side.",Math
Historians strive to integrate the perspectives of several sources to develop a coherent narrative.,History
"Such curves can be defined as the graph of functions, the study of which led to differential geometry.",Math
"Under the Abbasids, these Arabic translations were later improved and developed by Arabic scientists.",Science
"Their theory was set out in detail in Darwin's book On the Origin of Species, published in 1859.",Science
"Late Old English borrowed some grammar and core vocabulary from Old Norse, a North Germanic language.",English
Two prominent early number theorists were Euclid of ancient Greece and Diophantus of Alexandria.,Math
"The namesake of the language is the Angles, one of the Germanic peoples that migrated to Britain after its Roman occupiers left.",English
The inventor and mathematician Archimedes of Syracuse made major contributions to the beginnings of calculus.,Science
"Old English dialects were later influenced by Old Norse-speaking Viking invaders and settlers, starting in the 8th and 9th centuries.",English
"At this time, these dialects generally resisted influence from the then-local Brittonic and Latin languages.",English
Consistency with available sources is one of the main standards of historical works.,History
"Commerce, science and technology, diplomacy, art, and formal education all contributed to English becoming the first truly global language.",English
"They can also be defined as implicit equations, often polynomial equations (which spawned algebraic geometry).",Math
"The past itself, by contrast, is static and unchangeable.",History
"Some theorists categorize history as a social science, while others see it as part of the humanities or consider it a hybrid discipline.",History
"Source criticism is used to evaluate these sources, assessing their authenticity, content, and reliability.",History
"Here the plural suffix -n on the verb have is still retained, but none of the case endings on the nouns are present.",English
"This division into four main areas—arithmetic, geometry, algebra, and calculus—endured until the end of the 19th century.",Math
"It focused on recorded history since the invention of writing, leaving prehistory to other fields, such as archaeology.",History
These shared innovations show that the languages have descended from a single common ancestor called Proto-Germanic.,English
"In 1755, Samuel Johnson published his A Dictionary of the English Language, which introduced standard spellings of words and usage norms.",English
"To find and access primary and secondary sources, historians consult archives, libraries, and museums.",History
Kepler did not reject Aristotelian metaphysics and described his work as a search for the Harmony of the Spheres.,Science
"In the 15th century, its meaning shifted to cover the branch of knowledge studying the past in addition to narratives about the past.",History
"For instance, the discovery of new sources may lead historians to revise or dismiss previously accepted narratives.",History
"English is not mutually intelligible with any continental Germanic language, as it differs in vocabulary, syntax, and phonology.",English
